<?xml version="1.0" encoding="UTF-8"?>
<!DOCTYPE mapper PUBLIC "-//mybatis.org//DTD Mapper 3.0//EN" "http://mybatis.org/dtd/mybatis-3-mapper.dtd">
<mapper namespace="com.ly.member.activity.modules.job.dao.ChallengeTaskMapper">
  <resultMap id="BaseResultMap" type="com.ly.member.activity.modules.job.entity.ChallengeTask">
    <result column="id" jdbcType="BIGINT" property="id" />
    <result column="task_id" jdbcType="INTEGER" property="taskId" />
    <result column="task_name" jdbcType="VARCHAR" property="taskName" />
    <result column="award_img_url" jdbcType="VARCHAR" property="awardImgUrl" />
    <result column="project" jdbcType="VARCHAR" property="project" />
    <result column="status" jdbcType="VARCHAR" property="status" />
    <result column="start_time" jdbcType="TIMESTAMP" property="startTime" />
    <result column="end_time" jdbcType="TIMESTAMP" property="endTime" />
    <result column="creat_time" jdbcType="TIMESTAMP" property="creatTime" />
    <result column="creator" jdbcType="VARCHAR" property="creator" />
  </resultMap>
  <sql id="Example_Where_Clause">
    <where>
      <foreach collection="oredCriteria" item="criteria" separator="or">
        <if test="criteria.valid">
          <trim prefix="(" prefixOverrides="and" suffix=")">
            <foreach collection="criteria.criteria" item="criterion">
              <choose>
                <when test="criterion.noValue">
                  and ${criterion.condition}
                </when>
                <when test="criterion.singleValue">
                  and ${criterion.condition} #{criterion.value}
                </when>
                <when test="criterion.betweenValue">
                  and ${criterion.condition} #{criterion.value} and #{criterion.secondValue}
                </when>
                <when test="criterion.listValue">
                  and ${criterion.condition}
                  <foreach close=")" collection="criterion.value" item="listItem" open="(" separator=",">
                    #{listItem}
                  </foreach>
                </when>
              </choose>
            </foreach>
          </trim>
        </if>
      </foreach>
    </where>
  </sql>
  <sql id="Update_By_Example_Where_Clause">
    <where>
      <foreach collection="example.oredCriteria" item="criteria" separator="or">
        <if test="criteria.valid">
          <trim prefix="(" prefixOverrides="and" suffix=")">
            <foreach collection="criteria.criteria" item="criterion">
              <choose>
                <when test="criterion.noValue">
                  and ${criterion.condition}
                </when>
                <when test="criterion.singleValue">
                  and ${criterion.condition} #{criterion.value}
                </when>
                <when test="criterion.betweenValue">
                  and ${criterion.condition} #{criterion.value} and #{criterion.secondValue}
                </when>
                <when test="criterion.listValue">
                  and ${criterion.condition}
                  <foreach close=")" collection="criterion.value" item="listItem" open="(" separator=",">
                    #{listItem}
                  </foreach>
                </when>
              </choose>
            </foreach>
          </trim>
        </if>
      </foreach>
    </where>
  </sql>
  <sql id="Base_Column_List">
    id, task_id, task_name, award_img_url, project, `status`, start_time, end_time, creat_time, 
    creator
  </sql>
  <select id="selectByExample" parameterType="com.ly.member.activity.modules.job.entity.ChallengeTaskExample" resultMap="BaseResultMap">
    select
    <if test="distinct">
      distinct
    </if>
    <include refid="Base_Column_List" />
    from challenge_task
    <if test="_parameter != null">
      <include refid="Example_Where_Clause" />
    </if>
    <if test="orderByClause != null">
      order by ${orderByClause}
    </if>
  </select>
  <delete id="deleteByExample" parameterType="com.ly.member.activity.modules.job.entity.ChallengeTaskExample">
    delete from challenge_task
    <if test="_parameter != null">
      <include refid="Example_Where_Clause" />
    </if>
  </delete>
  <insert id="insert" parameterType="com.ly.member.activity.modules.job.entity.ChallengeTask">
    <selectKey keyProperty="id" order="AFTER" resultType="java.lang.Long">
      SELECT LAST_INSERT_ID()
    </selectKey>
    insert into challenge_task (task_id, task_name, award_img_url, 
      project, `status`, start_time, 
      end_time, creat_time, creator
      )
    values (#{taskId,jdbcType=INTEGER}, #{taskName,jdbcType=VARCHAR}, #{awardImgUrl,jdbcType=VARCHAR}, 
      #{project,jdbcType=VARCHAR}, #{status,jdbcType=VARCHAR}, #{startTime,jdbcType=TIMESTAMP}, 
      #{endTime,jdbcType=TIMESTAMP}, #{creatTime,jdbcType=TIMESTAMP}, #{creator,jdbcType=VARCHAR}
      )
  </insert>
  <insert id="insertSelective" parameterType="com.ly.member.activity.modules.job.entity.ChallengeTask">
    <selectKey keyProperty="id" order="AFTER" resultType="java.lang.Long">
      SELECT LAST_INSERT_ID()
    </selectKey>
    insert into challenge_task
    <trim prefix="(" suffix=")" suffixOverrides=",">
      <if test="taskId != null">
        task_id,
      </if>
      <if test="taskName != null">
        task_name,
      </if>
      <if test="awardImgUrl != null">
        award_img_url,
      </if>
      <if test="project != null">
        project,
      </if>
      <if test="status != null">
        `status`,
      </if>
      <if test="startTime != null">
        start_time,
      </if>
      <if test="endTime != null">
        end_time,
      </if>
      <if test="creatTime != null">
        creat_time,
      </if>
      <if test="creator != null">
        creator,
      </if>
    </trim>
    <trim prefix="values (" suffix=")" suffixOverrides=",">
      <if test="taskId != null">
        #{taskId,jdbcType=INTEGER},
      </if>
      <if test="taskName != null">
        #{taskName,jdbcType=VARCHAR},
      </if>
      <if test="awardImgUrl != null">
        #{awardImgUrl,jdbcType=VARCHAR},
      </if>
      <if test="project != null">
        #{project,jdbcType=VARCHAR},
      </if>
      <if test="status != null">
        #{status,jdbcType=VARCHAR},
      </if>
      <if test="startTime != null">
        #{startTime,jdbcType=TIMESTAMP},
      </if>
      <if test="endTime != null">
        #{endTime,jdbcType=TIMESTAMP},
      </if>
      <if test="creatTime != null">
        #{creatTime,jdbcType=TIMESTAMP},
      </if>
      <if test="creator != null">
        #{creator,jdbcType=VARCHAR},
      </if>
    </trim>
  </insert>
  <select id="countByExample" parameterType="com.ly.member.activity.modules.job.entity.ChallengeTaskExample" resultType="java.lang.Long">
    select count(*) from challenge_task
    <if test="_parameter != null">
      <include refid="Example_Where_Clause" />
    </if>
  </select>
  <update id="updateByExampleSelective" parameterType="map">
    update challenge_task
    <set>
      <if test="record.id != null">
        id = #{record.id,jdbcType=BIGINT},
      </if>
      <if test="record.taskId != null">
        task_id = #{record.taskId,jdbcType=INTEGER},
      </if>
      <if test="record.taskName != null">
        task_name = #{record.taskName,jdbcType=VARCHAR},
      </if>
      <if test="record.awardImgUrl != null">
        award_img_url = #{record.awardImgUrl,jdbcType=VARCHAR},
      </if>
      <if test="record.project != null">
        project = #{record.project,jdbcType=VARCHAR},
      </if>
      <if test="record.status != null">
        `status` = #{record.status,jdbcType=VARCHAR},
      </if>
      <if test="record.startTime != null">
        start_time = #{record.startTime,jdbcType=TIMESTAMP},
      </if>
      <if test="record.endTime != null">
        end_time = #{record.endTime,jdbcType=TIMESTAMP},
      </if>
      <if test="record.creatTime != null">
        creat_time = #{record.creatTime,jdbcType=TIMESTAMP},
      </if>
      <if test="record.creator != null">
        creator = #{record.creator,jdbcType=VARCHAR},
      </if>
    </set>
    <if test="_parameter != null">
      <include refid="Update_By_Example_Where_Clause" />
    </if>
  </update>
  <update id="updateByExample" parameterType="map">
    update challenge_task
    set id = #{record.id,jdbcType=BIGINT},
      task_id = #{record.taskId,jdbcType=INTEGER},
      task_name = #{record.taskName,jdbcType=VARCHAR},
      award_img_url = #{record.awardImgUrl,jdbcType=VARCHAR},
      project = #{record.project,jdbcType=VARCHAR},
      `status` = #{record.status,jdbcType=VARCHAR},
      start_time = #{record.startTime,jdbcType=TIMESTAMP},
      end_time = #{record.endTime,jdbcType=TIMESTAMP},
      creat_time = #{record.creatTime,jdbcType=TIMESTAMP},
      creator = #{record.creator,jdbcType=VARCHAR}
    <if test="_parameter != null">
      <include refid="Update_By_Example_Where_Clause" />
    </if>
  </update>
</mapper>