<?xml version="1.0" encoding="UTF-8"?>
<!DOCTYPE generatorConfiguration PUBLIC "-//mybatis.org//DTD MyBatis Generator Configuration 1.0//EN" "http://mybatis.org/dtd/mybatis-generator-config_1_0.dtd">
<generatorConfiguration>
	<!-- mybatis-generator:generate -->
	<classPathEntry
		location="D:/tool/repository/mysql/mysql-connector-java/6.0.6/mysql-connector-java-6.0.6.jar" />

	<context id="context1" defaultModelType="flat">

		<property name="autoDelimitKeywords" value="true" />
		<property name="beginningDelimiter" value="`" />
		<property name="endingDelimiter" value="`" />
		<property name="javaFileEncoding" value="UTF-8" />
		
		<!--
		<plugin type="com.itfsw.mybatis.generator.plugins.BatchInsertPlugin"/>
		-->
		
		<!--自动实现Serializable接口-->
		<plugin type="org.mybatis.generator.plugins.SerializablePlugin"></plugin>

		<commentGenerator>
			<property name="suppressAllComments" value="true" /><!-- 是否取消注释 -->
			<property name="suppressDate" value="true" />
		</commentGenerator>

		<jdbcConnection driverClass="com.mysql.jdbc.Driver"
			connectionURL="jdbc:mysql://10.100.156.103:3500/TCMemberWeiXinOrder"
			userId="TCMemberWeiXinOrder_local" password="skB6KARbo6N7m72MW2RPtT" />

		<!--指定生成的类型为java类型，避免数据库中number等类型字段 -->
		<javaTypeResolver>
			<property name="forceBigDecimals" value="false" />
		</javaTypeResolver>

		<javaModelGenerator
			targetPackage="com.ly.member.activity.modules.job.entity"
			targetProject="src/main/java">
			<property name="constructorBased" value="false" />
			<property name="trimStrings" value="true" />
		</javaModelGenerator>

		<sqlMapGenerator
			targetPackage="mapper"
			targetProject="src/main/resources" />

		<javaClientGenerator
			targetPackage="com.ly.member.activity.modules.job.dao"
			targetProject="src/main/java" type="XMLMAPPER" />

		<table schema="" tableName="challenge_task"
			domainObjectName="ChallengeTask">
			<generatedKey column="id" sqlStatement="MySql"
				identity="true" type="post" />
		</table>
	</context>
</generatorConfiguration>